name,uid,code,parent,shortname
Dakar,,,SQIQNlBGBRT,Dakar
Diourbel,,,SQIQNlBGBRT,Diourbel
Fatick,,,SQIQNlBGBRT,Fatick
Kédougou,,,SQIQNlBGBRT,Kédougou
Kaffrine,,,SQIQNlBGBRT,Kaffrine
Kaolack,,,SQIQNlBGBRT,Kaolack
Kolda,,,SQIQNlBGBRT,Kolda
Louga,,,SQIQNlBGBRT,Louga
Matam,,,SQIQNlBGBRT,Matam
Sédhiou,,,SQIQNlBGBRT,Sédhiou
Saint-Louis,,,SQIQNlBGBRT,Saint-Louis
Tambacounda,,,SQIQNlBGBRT,Tambacounda
Thiès,,,SQIQNlBGBRT,Thiès
Ziguinchor,,,SQIQNlBGBRT,Ziguinchor
